Name,Artifact Type,Category,Description,Tags,Classifications,Stewards,Related Terms,Part Of Terms,Data Classes
Account Balance,glossary_term,Industry Accelerators >> Customer Life Event Prediction,"The total amount that is outstanding on the account, debit or credit.",,,,,Industry Accelerators >> Customer Life Event Prediction >> Customer Account,
Account Closed Date,glossary_term,Industry Accelerators >> Customer Life Event Prediction,The date when the account was closed.,,,,,Industry Accelerators >> Customer Life Event Prediction >> Customer Account,Date
Account Name,glossary_term,Industry Accelerators >> Customer Life Event Prediction,A free-form text name of the account.,,Personally Identifiable Information,,,Industry Accelerators >> Customer Life Event Prediction >> Customer Account,
Account Number,glossary_term,Industry Accelerators >> Customer Life Event Prediction,A unique business identifier for the account.,,Personally Identifiable Information,,,Industry Accelerators >> Customer Life Event Prediction >> Customer Account,Account Number
Account Opened Date,glossary_term,Industry Accelerators >> Customer Life Event Prediction,The date when the account was opened.,,,,,Industry Accelerators >> Customer Life Event Prediction >> Customer Account,Date
Account Status,glossary_term,Industry Accelerators >> Customer Life Event Prediction,"The status of the account, for example: active, pending active, pending transfer, final, written off.",,,,,Industry Accelerators >> Customer Life Event Prediction >> Customer Account,
Account Status Date,glossary_term,Industry Accelerators >> Customer Life Event Prediction,"Identifies a date that represents a calendar date associated with a change in account status; for example, date the account achieved a status of In Default.",,,,,Industry Accelerators >> Customer Life Event Prediction >> Customer Account,
Account Type,glossary_term,Industry Accelerators >> Customer Life Event Prediction,The categorization of the account into distinct types.,,,,,Industry Accelerators >> Customer Life Event Prediction >> Customer Account,
Address Line 1 Description,glossary_term,Industry Accelerators >> Customer Life Event Prediction,"First line of the address, which includes street and building number.",,,,,Industry Accelerators >> Customer Life Event Prediction >> Postal Address,Address Line 1
Adult Household Members,glossary_term,Industry Accelerators >> Customer Life Event Prediction,The number of household members that are aged 18 years or older.,,,,,Industry Accelerators >> Customer Life Event Prediction >> Household,
Authorization Date,glossary_term,Industry Accelerators >> Customer Life Event Prediction,"Identifies a date upon which an action has been authorized. For example, the date upon which a code is issued by a bank to authorize a Credit Card Payment.",,,,,Industry Accelerators >> Customer Life Event Prediction >> Transaction,Date
Bereavements,glossary_term,Industry Accelerators >> Customer Life Event Prediction,The number of actual or predicted bereavements affecting customers in the assessed period of time for all or selected group of customers.,,,,,,
Census,glossary_term,Industry Accelerators >> Customer Life Event Prediction,Information related to demographic data over a period of time.,,,,,,
Census Age Range,glossary_term,Industry Accelerators >> Customer Life Event Prediction,Age range of customer based on census data.,,,,,Industry Accelerators >> Customer Life Event Prediction >> Customer,
,,,,,,,,Industry Accelerators >> Customer Life Event Prediction >> Census,
Census Birth Probability,glossary_term,Industry Accelerators >> Customer Life Event Prediction,Probability of a birth based on census data analysis.,,Sensitive Personal Information,,,Industry Accelerators >> Customer Life Event Prediction >> Customer,
,,,,,,,,Industry Accelerators >> Customer Life Event Prediction >> Census,
Census Divorce Probability,glossary_term,Industry Accelerators >> Customer Life Event Prediction,Probability of a divorce based on census data analysis.,,Sensitive Personal Information,,,Industry Accelerators >> Customer Life Event Prediction >> Customer,
,,,,,,,,Industry Accelerators >> Customer Life Event Prediction >> Census,
Census Marriage Probability,glossary_term,Industry Accelerators >> Customer Life Event Prediction,Probability of a marriage based on census data analysis.,,Sensitive Personal Information,,,Industry Accelerators >> Customer Life Event Prediction >> Customer,
,,,,,,,,Industry Accelerators >> Customer Life Event Prediction >> Census,
Census Migration Probability,glossary_term,Industry Accelerators >> Customer Life Event Prediction,Probability of a customer migrating based on census data analysis.,,Sensitive Personal Information,,,Industry Accelerators >> Customer Life Event Prediction >> Customer,
,,,,,,,,Industry Accelerators >> Customer Life Event Prediction >> Census,
Children Household Members,glossary_term,Industry Accelerators >> Customer Life Event Prediction,The number of household members who are under the age of 18 years.,,,,,Industry Accelerators >> Customer Life Event Prediction >> Household,
City,glossary_term,Industry Accelerators >> Customer Life Event Prediction,A geographic area that defines the boundaries of a community where people live. It is generally an incorporated or chartered area of a state or province.,,,,,,City
City Name,glossary_term,Industry Accelerators >> Customer Life Event Prediction,"Identifies the label assigned to or by which a city may be identified, for example: Chicago, Dublin, Sydney.",,,,,Industry Accelerators >> Customer Life Event Prediction >> City,City
College Graduations,glossary_term,Industry Accelerators >> Customer Life Event Prediction,The number of actual or predicted college graduations in households of customers in the assessed period of time for all or selected group of customers.,,,,,,
Communication,glossary_term,Industry Accelerators >> Customer Life Event Prediction,"The receiving or sending of an information between two parties. A communication may be in any medium such as a telephone call, a letter, an email, a meeting, and so on. ",,,,,,
Communication End,glossary_term,Industry Accelerators >> Customer Life Event Prediction,The date and time when the communication was ended.,,,,,Industry Accelerators >> Customer Life Event Prediction >> Communication,Date
Communication Start,glossary_term,Industry Accelerators >> Customer Life Event Prediction,The date and time when the communication was initiated.,,,,,Industry Accelerators >> Customer Life Event Prediction >> Communication,Date
Communication Status,glossary_term,Industry Accelerators >> Customer Life Event Prediction,"The communication status distinguishes between communications according to their current state, for example: awaiting further information, closed, open.",,,,,Industry Accelerators >> Customer Life Event Prediction >> Communication,
Communication Type,glossary_term,Industry Accelerators >> Customer Life Event Prediction,"Indicates the type of communication that has occurred or is planned to occur, for example: campaign mailing, complaint, quotation request.",,,,,Industry Accelerators >> Customer Life Event Prediction >> Communication,
Country,glossary_term,Industry Accelerators >> Customer Life Event Prediction,A geographic area that defines the boundaries of a nation.,,,,Industry Accelerators >> Customer Life Event Prediction >> Postal Address,,Country Name
Country Code,glossary_term,Industry Accelerators >> Customer Life Event Prediction,"A code which identifies a country, for example: the country code for Ireland is 'IE'.",,,,,Industry Accelerators >> Customer Life Event Prediction >> Country,Country Code
Country Name,glossary_term,Industry Accelerators >> Customer Life Event Prediction,"Identifies the label assigned to or by which a country may be identified, for example: Ireland, India.",,,,,Industry Accelerators >> Customer Life Event Prediction >> Country,Country Name
County,glossary_term,Industry Accelerators >> Customer Life Event Prediction,The name of the county.,,,,,Industry Accelerators >> Customer Life Event Prediction >> Postal Address,
Customer,glossary_term,Industry Accelerators >> Customer Life Event Prediction,A person or organization buying goods or services from the organization.,,Personally Identifiable Information,,,,
Customer Account,glossary_term,Industry Accelerators >> Customer Life Event Prediction,Customer account includes information from the customer agreements to create billings or invoices for a customer and receive payment.,,,,Industry Accelerators >> Customer Life Event Prediction >> Customer,,
Customer Account Collection Status,glossary_term,Industry Accelerators >> Customer Life Event Prediction,"A high-level status that describes where a customer is in the collections business cycle, for example: active, inactive.",,,,,Industry Accelerators >> Customer Life Event Prediction >> Customer Account,
Customer Account Overdue Balance,glossary_term,Industry Accelerators >> Customer Life Event Prediction,The total unpaid billed amount on the customer account that is older than predefined period.,,,,,Industry Accelerators >> Customer Life Event Prediction >> Customer Account,
Customer Acquisition Cost,glossary_term,Industry Accelerators >> Customer Life Event Prediction,The primary costs of establishing the customer. The money spent on convincing the customer to purchase the products or services of the organization.,,,,,Industry Accelerators >> Customer Life Event Prediction >> Customer,
Customer Advisor,glossary_term,Industry Accelerators >> Customer Life Event Prediction,The person that provides financial advisory services to the customer.,,Personally Identifiable Information,,,Industry Accelerators >> Customer Life Event Prediction >> Customer,
Customer Advisor Organization,glossary_term,Industry Accelerators >> Customer Life Event Prediction,The organization that provides financial advisory services to the customer.,,,,,Industry Accelerators >> Customer Life Event Prediction >> Customer,
Customer Agreement,glossary_term,Industry Accelerators >> Customer Life Event Prediction,An agreement between the customer and the organization to pay for goods or services. The agreement records billing information about the type of service and product that is provided.,,,,Industry Accelerators >> Customer Life Event Prediction >> Customer,,
,,,,,,,Industry Accelerators >> Customer Life Event Prediction >> Customer Account,,
Customer Agreement Channel,glossary_term,Industry Accelerators >> Customer Life Event Prediction,"The channel through which the agreement has been made, for example: phone, web, email, letter.",,,,,Industry Accelerators >> Customer Life Event Prediction >> Customer Agreement,
Customer Agreement Number,glossary_term,Industry Accelerators >> Customer Life Event Prediction,The unique alphanumeric value that is assigned in the business process and identifies the customer agreement.,,,,,Industry Accelerators >> Customer Life Event Prediction >> Customer Agreement,
Customer Agreement Payment Method,glossary_term,Industry Accelerators >> Customer Life Event Prediction,"The type of payment that is received from the customer, for example: check, card, cash, electronic funds transfer, direct debit.",,,,,Industry Accelerators >> Customer Life Event Prediction >> Customer Agreement,
Customer Agreement Sign Date,glossary_term,Industry Accelerators >> Customer Life Event Prediction,"The date when the customer agreement was consummated among associated persons, organizations or both.",,,,,Industry Accelerators >> Customer Life Event Prediction >> Customer Agreement,
Customer Agreement Type,glossary_term,Industry Accelerators >> Customer Life Event Prediction,An organization specific classification of the customer agreement.,,,,,Industry Accelerators >> Customer Life Event Prediction >> Customer Agreement,
Customer Agreement Validity End,glossary_term,Industry Accelerators >> Customer Life Event Prediction,The date and time when the validity of the customer agreement ceased.,,,,,Industry Accelerators >> Customer Life Event Prediction >> Customer Agreement,Date
Customer Agreement Validity Start,glossary_term,Industry Accelerators >> Customer Life Event Prediction,The date and time when the validity of the customer agreement commenced.,,,,,Industry Accelerators >> Customer Life Event Prediction >> Customer Agreement,Date
Customer Annual Income,glossary_term,Industry Accelerators >> Customer Life Event Prediction,"The amount of money an individual earns in a single year. Usually includes person's salary and bonuses as well as any other non-employment related income such as dividends from holdings in stocks and shares, trusts.",,,,,Industry Accelerators >> Customer Life Event Prediction >> Customer,
,,,,,,,,Industry Accelerators >> Customer Life Event Prediction >> Census,
Customer Behavior,glossary_term,Industry Accelerators >> Customer Life Event Prediction,The manner in which a customer prefers to purchase products; buyer behavior or past history.,,,,,Industry Accelerators >> Customer Life Event Prediction >> Customer,
Customer Communication,glossary_term,Industry Accelerators >> Customer Life Event Prediction,The communication between the customer and the organization typically handled by a contact center.,,,,Industry Accelerators >> Customer Life Event Prediction >> Customer,,
,,,,,,,Industry Accelerators >> Customer Life Event Prediction >> Communication,,
Customer Communication Contact Point,glossary_term,Industry Accelerators >> Customer Life Event Prediction,"The email, telephone number or postal address the customer communication was received from or sent to.",,,,Industry Accelerators >> Customer Life Event Prediction >> Social Media Account,Industry Accelerators >> Customer Life Event Prediction >> Customer Communication,
,,,,,,,Industry Accelerators >> Customer Life Event Prediction >> Telephone Number,,
,,,,,,,Industry Accelerators >> Customer Life Event Prediction >> Postal Address,,
,,,,,,,Industry Accelerators >> Customer Life Event Prediction >> Email Address,,
Customer Credit Authority Level,glossary_term,Industry Accelerators >> Customer Life Event Prediction,"Scale of authority for credit of the customer on the market, for example: high, medium, low.",,,,,Industry Accelerators >> Customer Life Event Prediction >> Customer,
Customer Credit Score,glossary_term,Industry Accelerators >> Customer Life Event Prediction,A score that evaluates the ability of a customer to pay their debts. Rating scores are viewed in terms of the specific type of assessment or set of values used to evaluate a particular aspect of a financial services marketplace.,,,,,Industry Accelerators >> Customer Life Event Prediction >> Customer,
Customer Event,glossary_term,Industry Accelerators >> Customer Life Event Prediction,"Customer related events recorded by the organization, that include, life related events, account status updates and account or agreement related changes excluding events like account transactions or records of communication.",,,,Industry Accelerators >> Customer Life Event Prediction >> Customer,,
Customer Event Date,glossary_term,Industry Accelerators >> Customer Life Event Prediction,The date on which the event occurred. Can include time at which the event occurred for certain types of events.,,,,,Industry Accelerators >> Customer Life Event Prediction >> Customer Event,
Customer Event Type,glossary_term,Industry Accelerators >> Customer Life Event Prediction,"Classification of the of the customer event, for example: home purchase, divorce, pregnancy, close savings account.",,,,,Industry Accelerators >> Customer Life Event Prediction >> Customer Event,
Customer Household,glossary_term,Industry Accelerators >> Customer Life Event Prediction,The household of the customer if the customer is a person.,,,,Industry Accelerators >> Customer Life Event Prediction >> Household,Industry Accelerators >> Customer Life Event Prediction >> Customer,
Customer Identifier,glossary_term,Industry Accelerators >> Customer Life Event Prediction,A unique number that identifies the customer.,,Personally Identifiable Information,,,Industry Accelerators >> Customer Life Event Prediction >> Customer,DUNS Number
,,,,,,,,,Customer Number
,,,,,,,,,Identifier
Customer Importance,glossary_term,Industry Accelerators >> Customer Life Event Prediction,"The level of importance that the customer has to the organization, for example: low, normal, high, VIP.",,,,,Industry Accelerators >> Customer Life Event Prediction >> Customer,
Customer Influenced Probability,glossary_term,Industry Accelerators >> Customer Life Event Prediction,The probability that the customer can be influenced by the opinions of others.,,,,,Industry Accelerators >> Customer Life Event Prediction >> Customer,
Customer Influencer Score,glossary_term,Industry Accelerators >> Customer Life Event Prediction,A score that expresses the influence that the customer has on others. The score suggests how strongly the communication and behavior of the customer influences the behavior of other people.,,,,,Industry Accelerators >> Customer Life Event Prediction >> Customer,
Customer Language,glossary_term,Industry Accelerators >> Customer Life Event Prediction,Identifies the natural language associated with customer for use in communications.,,,,,Industry Accelerators >> Customer Life Event Prediction >> Customer,Language Code or Name
Customer Level Of Authority,glossary_term,Industry Accelerators >> Customer Life Event Prediction,"An indicator of the customer's level of authority in their peer group, which provides insight into the impacts of the customer's behavior on the behavior of other people.",,,,,Industry Accelerators >> Customer Life Event Prediction >> Customer,
Customer Lifetime Value,glossary_term,Industry Accelerators >> Customer Life Event Prediction,The total projected earnings of a customer to the organization over its probable lifetime.,,,,,Industry Accelerators >> Customer Life Event Prediction >> Customer,
Customer Loyalty Score,glossary_term,Industry Accelerators >> Customer Life Event Prediction,"Identifies rating of the tendency of the customer to remain loyal to a company, indicating the likelihood that the customer may purchase from another company.",,,,,Industry Accelerators >> Customer Life Event Prediction >> Customer,
Customer Market Segment,glossary_term,Industry Accelerators >> Customer Life Event Prediction,The customer classification that is used to segment customers to produce and track the sales forecast.,,,,,Industry Accelerators >> Customer Life Event Prediction >> Customer,
Customer Name,glossary_term,Industry Accelerators >> Customer Life Event Prediction,"The name by which a customer is known and which is usually used to identify that customer. For example: International Business Machines Corporation (IBM), Joe Bloggs.",,Personally Identifiable Information,,,Industry Accelerators >> Customer Life Event Prediction >> Customer,Organization Name
,,,,,,,,,Person Name
Customer Net Present Value,glossary_term,Industry Accelerators >> Customer Life Event Prediction,The present value of the customer's net expected future cash flows minus the cost of investment (or cost of acquisition).,,,,,Industry Accelerators >> Customer Life Event Prediction >> Customer,
Customer Pursuit,glossary_term,Industry Accelerators >> Customer Life Event Prediction,Classification of customer based on primary living habits and interests of the person.,,,,,Industry Accelerators >> Customer Life Event Prediction >> Customer,
Customer Retirement Age,glossary_term,Industry Accelerators >> Customer Life Event Prediction,The age at which the person is retiring and ceases to work in permanent employment.,,,,,Industry Accelerators >> Customer Life Event Prediction >> Customer,
Customer Risk Category,glossary_term,Industry Accelerators >> Customer Life Event Prediction,"The classification of the risk that a customer will stop paying for goods or services, for example: critical, high, medium, low. As a result, if the customer debts are uncollectible, the organization might need to write off the customer account balance.",,,,,Industry Accelerators >> Customer Life Event Prediction >> Customer,
Customer Satisfaction,glossary_term,Industry Accelerators >> Customer Life Event Prediction,The overall satisfaction of the customer with the goods or services that are provided by the organization.,,,,,Industry Accelerators >> Customer Life Event Prediction >> Customer,
Customer Satisfaction With Communication Rating,glossary_term,Industry Accelerators >> Customer Life Event Prediction,The customer satisfaction rating score specified by the customer about the communication contact.,,,,,Industry Accelerators >> Customer Life Event Prediction >> Customer Communication,
Customer Sentiment,glossary_term,Industry Accelerators >> Customer Life Event Prediction,The overall attitude of the customer to the goods or services provided by the organization.,,,,,Industry Accelerators >> Customer Life Event Prediction >> Customer,
Customer Social Network Influence Score,glossary_term,Industry Accelerators >> Customer Life Event Prediction,The score that expresses the influence that the customer has on others. The score suggests how strong the communication and behavior of the customer influences the behavior of other people.,,,,,Industry Accelerators >> Customer Life Event Prediction >> Customer,
Customer Status,glossary_term,Industry Accelerators >> Customer Life Event Prediction,"The status of the customer based on whether there is an active agreement in place between the customer and the organization, for example: active, dormant, former, prospect.",,,,,Industry Accelerators >> Customer Life Event Prediction >> Customer,
Customer Type,glossary_term,Industry Accelerators >> Customer Life Event Prediction,"The type of the customer based on the classification of the organization that is in a contractual or other relationship with the customer, for example: residential, industrial, commercial, government.",,,,,Industry Accelerators >> Customer Life Event Prediction >> Customer,
Customer Willingness To Recommend,glossary_term,Industry Accelerators >> Customer Life Event Prediction,The customer's satisfaction with a product that quantifies the probability that the customer would recommend this product.,,,,,Industry Accelerators >> Customer Life Event Prediction >> Customer,
Date Of Birth,glossary_term,Industry Accelerators >> Customer Life Event Prediction,The date when an individual was born.,,Personally Identifiable Information,,,Industry Accelerators >> Customer Life Event Prediction >> Customer,Date of Birth
Death Date,glossary_term,Industry Accelerators >> Customer Life Event Prediction,The date when an individual died.,,Personally Identifiable Information,,,Industry Accelerators >> Customer Life Event Prediction >> Customer,
Debt Service Coverage Ratio,glossary_term,Industry Accelerators >> Customer Life Event Prediction,"The debt service coverage ratio (DSCR), is the ratio of cash available for debt servicing to interest, principal and lease payments.",,,,,Industry Accelerators >> Customer Life Event Prediction >> Customer,
Driver License Number,glossary_term,Industry Accelerators >> Customer Life Event Prediction,The unique number assigned to an individual's driver license.,,Personally Identifiable Information,,,Industry Accelerators >> Customer Life Event Prediction >> Customer,Louisiana State Driver's License
,,,,,Sensitive Personal Information,,,,Newfoundland and Labrador Province Driver's License
,,,,,,,,,Kentucky State Driver's License
,,,,,,,,,New York State Driver's License
,,,,,,,,,Georgia State Driver's License
,,,,,,,,,Missouri State Driver's License
,,,,,,,,,Saskatchewan Province Driver's License
,,,,,,,,,Wisconsin State Driver's License
,,,,,,,,,Wyoming State Driver's License
,,,,,,,,,Tennessee State Driver's License
,,,,,,,,,Oklahoma State Driver's License
,,,,,,,,,California State Driver's License
,,,,,,,,,Rhode Island State Driver's License
,,,,,,,,,Pennsylvania State Driver's License
,,,,,,,,,Connecticut State Driver's License
,,,,,,,,,West Virginia State Driver's License
,,,,,,,,,Washington State Driver's License
,,,,,,,,,Washington DC Driver's License
,,,,,,,,,Ohio State Driver's License
,,,,,,,,,Texas State Driver's License
,,,,,,,,,Kansas State Driver's License
,,,,,,,,,Maryland State Driver's License
,,,,,,,,,Idaho State Driver's License
,,,,,,,,,Iowa State Driver's License
,,,,,,,,,North Carolina State Driver's License
,,,,,,,,,Delaware State Driver's License
,,,,,,,,,North Dakota State Driver's License
,,,,,,,,,South Carolina State Driver's License
,,,,,,,,,Utah State Driver's License
,,,,,,,,,Nova Scotia Province Driver's License
,,,,,,,,,Nebraska State Driver's License
,,,,,,,,,Montana State Driver's License
,,,,,,,,,Massachusetts State Driver's License
,,,,,,,,,Manitoba Province Driver's License
,,,,,,,,,New Hampshire State Driver's License
,,,,,,,,,South Dakota State Driver's License
,,,,,,,,,Alberta Province Driver's License
,,,,,,,,,Driver's License
,,,,,,,,,Prince Edward Island Province Driver's License
,,,,,,,,,Arizona State Driver's License
,,,,,,,,,Hawaii State Driver's License
,,,,,,,,,Florida State Driver's License
,,,,,,,,,Colorado State Driver's License
,,,,,,,,,Quebec Province Driver's License
,,,,,,,,,New Jersey State Driver's License
,,,,,,,,,Indiana State Driver's License
,,,,,,,,,Minnesota State Driver's License
,,,,,,,,,Alaska State Driver's License
,,,,,,,,,Oregon State Driver's License
,,,,,,,,,Vermont State Driver's License
,,,,,,,,,Mississippi State Driver's License
,,,,,,,,,Michigan State Driver's License
,,,,,,,,,Nevada State Driver's License
,,,,,,,,,Arkansas State Driver's License
,,,,,,,,,Illinois State Driver's License
,,,,,,,,,Alabama State Driver's License
,,,,,,,,,British Columbia Province Driver's License
,,,,,,,,,Virginia State Driver's License
,,,,,,,,,Maine State Driver's License
,,,,,,,,,New Brunswick Province Driver's License
,,,,,,,,,New Mexico State Driver's License
,,,,,,,,,Ontario Province Driver's License
Education Level,glossary_term,Industry Accelerators >> Customer Life Event Prediction,The highest level of education of the person.,,,,,Industry Accelerators >> Customer Life Event Prediction >> Customer,
,,,,,,,,Industry Accelerators >> Customer Life Event Prediction >> Census,
Email Address,glossary_term,Industry Accelerators >> Customer Life Event Prediction,"An electronic address that can be used to send and receive correspondence over a computer network, for example: jsmith@jonesinc.com.",,Personally Identifiable Information,,,Industry Accelerators >> Customer Life Event Prediction >> Customer,Email Address
Employment Status,glossary_term,Industry Accelerators >> Customer Life Event Prediction,"The employment status of an individual, for example: full-time, part-time, unemployed, retired.",,,,,Industry Accelerators >> Customer Life Event Prediction >> Customer,Employment Status
,,,,,,,,Industry Accelerators >> Customer Life Event Prediction >> Census,
Engagements,glossary_term,Industry Accelerators >> Customer Life Event Prediction,The number of actual or predicted engagements in life of customers in the assessed period of time for all or selected group of customers.,,,,,,
Ethnicity,glossary_term,Industry Accelerators >> Customer Life Event Prediction,"A classification of an individual based on their membership in a group that is united and defined to a greater or lesser degree by common history, beliefs, culture, nationality, etc.",,Sensitive Personal Information,,,Industry Accelerators >> Customer Life Event Prediction >> Customer,Ethnicity
Event Customer,glossary_term,Industry Accelerators >> Customer Life Event Prediction,The customer to which the event is related to.,,,,Industry Accelerators >> Customer Life Event Prediction >> Customer,Industry Accelerators >> Customer Life Event Prediction >> Customer Event,
Event Type,glossary_term,Industry Accelerators >> Customer Life Event Prediction,"A generic concept of event type that describes various related event types such as transfer of funds, account transaction, agreement changes, customer interactions, social media posts and customer important dates such as birthday.",,,,Industry Accelerators >> Customer Life Event Prediction >> Customer Event Type,,
,,,,,,,Industry Accelerators >> Customer Life Event Prediction >> Communication Type,,
Event Type Category,glossary_term,Industry Accelerators >> Customer Life Event Prediction,"Classification of the event type into various group, for example: life, transfer, transaction, account change, agreement change, transaction, interaction, communication, birthday, anniversary.",,,,,Industry Accelerators >> Customer Life Event Prediction >> Event Type,
Event Type Code,glossary_term,Industry Accelerators >> Customer Life Event Prediction,The abbreviation of the event type name or randomly generated short text used as unique identifier of the event type.,,,,,Industry Accelerators >> Customer Life Event Prediction >> Event Type,
Event Type Name,glossary_term,Industry Accelerators >> Customer Life Event Prediction,"A unique text describing the event type that can also be used as its identifier, for example: birth of child, marriage, job change, funds transfer out, open savings account, large withdrawal, inbound call, email received, check balance, payroll change.",,,,,Industry Accelerators >> Customer Life Event Prediction >> Event Type,
Family Household Indicator,glossary_term,Industry Accelerators >> Customer Life Event Prediction,"Indicates whether the household includes a couple, as well as at least one child of the couple.",,Personally Identifiable Information,,,Industry Accelerators >> Customer Life Event Prediction >> Household,
First Name,glossary_term,Industry Accelerators >> Customer Life Event Prediction,"A personal name typically used to refer to an individual in informal circumstances, for example: John, Mary.",,Personally Identifiable Information,,,Industry Accelerators >> Customer Life Event Prediction >> Customer,First Name
Gender,glossary_term,Industry Accelerators >> Customer Life Event Prediction,"Indicates an individual's gender, for example: male, female.",,Personally Identifiable Information,,,Industry Accelerators >> Customer Life Event Prediction >> Customer,Gender
,,,,,,,,Industry Accelerators >> Customer Life Event Prediction >> Census,
Head Of Household Indicator,glossary_term,Industry Accelerators >> Customer Life Event Prediction,Indicates whether the customer has certain legal and financial obligations to other members of the household.,,Personally Identifiable Information,,,Industry Accelerators >> Customer Life Event Prediction >> Customer,
Home Address,glossary_term,Industry Accelerators >> Customer Life Event Prediction,The address of a person's home.,,Personally Identifiable Information,,Industry Accelerators >> Customer Life Event Prediction >> Postal Address,Industry Accelerators >> Customer Life Event Prediction >> Customer,Address  Line 3
,,,,,,,,,Address Line 2
,,,,,,,,,Address Line 1
Home purchases,glossary_term,Industry Accelerators >> Customer Life Event Prediction,The number of actual or predicted home purchase done by customers in the assessed period of time for all or selected group of customers.,,,,,,
Household,glossary_term,Industry Accelerators >> Customer Life Event Prediction,"A group of individuals, who can be resident at the same address and members of the same family, that share a common economic interest and are treated as a unit for certain purposes.",,Personally Identifiable Information,,,,
Household Disposable Income,glossary_term,Industry Accelerators >> Customer Life Event Prediction,"The amount of money that a household can spend after having paid all fixed expenses such as rent, mortgage repayments and so on.",,,,,Industry Accelerators >> Customer Life Event Prediction >> Household,
Household Gross Income,glossary_term,Industry Accelerators >> Customer Life Event Prediction,"The annual total of all income sources for the household, derived from the gross income of the household members.",,Personally Identifiable Information,,,Industry Accelerators >> Customer Life Event Prediction >> Household,
Household Home Ownership,glossary_term,Industry Accelerators >> Customer Life Event Prediction,Indicates whether a member of the household is also the property owner.,,,,,Industry Accelerators >> Customer Life Event Prediction >> Household,
Household Identifier,glossary_term,Industry Accelerators >> Customer Life Event Prediction,A unique number that identifies the household.,,,,,Industry Accelerators >> Customer Life Event Prediction >> Household,Identifier
Household Income Source,glossary_term,Industry Accelerators >> Customer Life Event Prediction,"The source of income that contributes to most of the income for the household, which is relevant for accounts where ability-to-pay information was collected.",,,,,Industry Accelerators >> Customer Life Event Prediction >> Household,
Household Internet Use,glossary_term,Industry Accelerators >> Customer Life Event Prediction,Indicates whether the Internet is used in the household.,,,,,Industry Accelerators >> Customer Life Event Prediction >> Household,
Household Members,glossary_term,Industry Accelerators >> Customer Life Event Prediction,"The number of people, both adults and children, who are part of the household.",,,,,Industry Accelerators >> Customer Life Event Prediction >> Household,
Household Number Of Cars,glossary_term,Industry Accelerators >> Customer Life Event Prediction,The number of cars that are used by the household.,,,,,Industry Accelerators >> Customer Life Event Prediction >> Household,
Household Poverty Level,glossary_term,Industry Accelerators >> Customer Life Event Prediction,"The percentage of poverty that is based on the annual income and number of members of a household, which is calculated for accounts for which ability-to-pay information was collected.",,,,,Industry Accelerators >> Customer Life Event Prediction >> Household,
Household Purchasing Power,glossary_term,Industry Accelerators >> Customer Life Event Prediction,"A rating of the relative spending power of the household, for example: affluent, low income, upper middle income.",,,,,Industry Accelerators >> Customer Life Event Prediction >> Household,
Household Size,glossary_term,Industry Accelerators >> Customer Life Event Prediction,The number of people who are members of the household.,,,,,Industry Accelerators >> Customer Life Event Prediction >> Household,
Household Tenancy Status,glossary_term,Industry Accelerators >> Customer Life Event Prediction,"The tenancy status of the household main residence, for example: own, rent.",,,,,Industry Accelerators >> Customer Life Event Prediction >> Household,
Internet Banking Use Indicator,glossary_term,Industry Accelerators >> Customer Life Event Prediction,Indicate whether the customer is using the internet banking services provided by a financial institution.,,,,,Industry Accelerators >> Customer Life Event Prediction >> Customer,
Job Changes,glossary_term,Industry Accelerators >> Customer Life Event Prediction,The number of actual or predicted job changes experienced by customers in the assessed period of time for all or selected group of customers.,,,,,,
Job Losses,glossary_term,Industry Accelerators >> Customer Life Event Prediction,The number of actual or predicted job losses experienced by customers in the assessed period of time for all or selected group of customers.,,,,,,
Last Name,glossary_term,Industry Accelerators >> Customer Life Event Prediction,"Identifies an individual's name which belongs to the family the Individual is a part of, for example: Smith, Mueller.",,Personally Identifiable Information,,,Industry Accelerators >> Customer Life Event Prediction >> Customer,Last Name
Mailing Address,glossary_term,Industry Accelerators >> Customer Life Event Prediction,The postal address selected by customer for receiving of mail communication.,,Personally Identifiable Information,,Industry Accelerators >> Customer Life Event Prediction >> Postal Address,Industry Accelerators >> Customer Life Event Prediction >> Customer,
Marital Status,glossary_term,Industry Accelerators >> Customer Life Event Prediction,Current legal situation of the individual regarding marriage.,,,,,Industry Accelerators >> Customer Life Event Prediction >> Customer,Legal Marital/Civil Status.
,,,,,,,,Industry Accelerators >> Customer Life Event Prediction >> Census,
Marriages,glossary_term,Industry Accelerators >> Customer Life Event Prediction,The number of actual or predicted customer marriages in the assessed period of time for all or selected group of customers.,,,,,,
Monthly Housing Cost,glossary_term,Industry Accelerators >> Customer Life Event Prediction,The cost of the residential accommodation that may be based on rental or mortgage payments.,,,,,Industry Accelerators >> Customer Life Event Prediction >> Customer,
New Children,glossary_term,Industry Accelerators >> Customer Life Event Prediction,The number of actual or predicted new children in the families of customers in the assessed period of time for all or selected group of customers.,,,,,,
Occupation,glossary_term,Industry Accelerators >> Customer Life Event Prediction,"Name of the person's work or business engagement, for example: farmer, professional, tradesperson, author, business owner, consultant, doctor, economist, homemaker.",,Personally Identifiable Information,,,Industry Accelerators >> Customer Life Event Prediction >> Customer,
Oldest Household Adult Birth Year,glossary_term,Industry Accelerators >> Customer Life Event Prediction,The year on which the oldest adult member of household was born.,,,,,Industry Accelerators >> Customer Life Event Prediction >> Household,
Oldest Household Child Birth Year,glossary_term,Industry Accelerators >> Customer Life Event Prediction,The year on which the oldest child member of household was born.,,,,,Industry Accelerators >> Customer Life Event Prediction >> Household,
Postal Address,glossary_term,Industry Accelerators >> Customer Life Event Prediction,The address to which mail is delivered.,,,,,,Address  Line 3
,,,,,,,,,Address Line 2
,,,,,,,,,Address Line 1
Postal Address Area Type,glossary_term,Industry Accelerators >> Customer Life Event Prediction,"Classifies the area to which the postal address belongs according to the density, type and layout of buildings.",,,,,Industry Accelerators >> Customer Life Event Prediction >> Postal Address,
Postal Address City,glossary_term,Industry Accelerators >> Customer Life Event Prediction,Identifies the city component of postal address. ,,,,Industry Accelerators >> Customer Life Event Prediction >> City,Industry Accelerators >> Customer Life Event Prediction >> Postal Address,City
Postal Address Country,glossary_term,Industry Accelerators >> Customer Life Event Prediction,Identifies the country component of postal address.,,,,Industry Accelerators >> Customer Life Event Prediction >> Country,Industry Accelerators >> Customer Life Event Prediction >> Postal Address,Country Name
Postal Address State,glossary_term,Industry Accelerators >> Customer Life Event Prediction,Identifies the state component of postal address.,,,,Industry Accelerators >> Customer Life Event Prediction >> State,Industry Accelerators >> Customer Life Event Prediction >> Postal Address,UK Province Code
,,,,,,,,,Canada Province Code
,,,,,,,,,State/Province Name
,,,,,,,,,ISO 3166-2 Code
,,,,,,,,,US State Code
Postal Code,glossary_term,Industry Accelerators >> Customer Life Event Prediction,A code that is included in a postal address to assist the sorting of mail.,,,,,Industry Accelerators >> Customer Life Event Prediction >> Postal Address,Canada Post Code
,,,,,,,,,US Zip Code
,,,,,,,,,UK Post Code
,,,,,,,,,Ireland Eircode
Preferred Contact Method,glossary_term,Industry Accelerators >> Customer Life Event Prediction,"Preferred contact method for communication, for example: mail, email, call, text.",,,,,Industry Accelerators >> Customer Life Event Prediction >> Customer,
Primary Branch Proximity,glossary_term,Industry Accelerators >> Customer Life Event Prediction,The distance of the primary branch location from the customer home address.,,,,,Industry Accelerators >> Customer Life Event Prediction >> Customer,
Proves Event Type,glossary_term,Industry Accelerators >> Customer Life Event Prediction,"Another type of event that this event type proves, for example closing of securities account proves the attrition.",,,,Industry Accelerators >> Customer Life Event Prediction >> Event Type,Industry Accelerators >> Customer Life Event Prediction >> Event Type,
Relocations,glossary_term,Industry Accelerators >> Customer Life Event Prediction,The number of actual or predicted customer relocations in the assessed period of time for all or selected group of customers.,,,,,,
Seniors Household Members,glossary_term,Industry Accelerators >> Customer Life Event Prediction,The number of household members who are categorized as seniors.,,,,,Industry Accelerators >> Customer Life Event Prediction >> Household,
Social Media Account,glossary_term,Industry Accelerators >> Customer Life Event Prediction,A profile that pertains to the social media presence of a person or organization. A person or organization each can have more than one social media account.,,Sensitive Personal Information,,,,
Social Security Number,glossary_term,Industry Accelerators >> Customer Life Event Prediction,An identification number issued to citizens and permanent residents by a governmental agency for the purposes of qualifying for Social Security benefits.,,Personally Identifiable Information,,,Industry Accelerators >> Customer Life Event Prediction >> Customer,Canadian Social Insurance Number (SIN)
,,,,,,,,,UK National Insurance Number
,,,,,,,,,US Social Security Number
,,,,,,,,,US Social Security Number Last 4
State,glossary_term,Industry Accelerators >> Customer Life Event Prediction,A geographic area that is a political subdivision of a country. This can be a state or Province.,,,,,,
State Code,glossary_term,Industry Accelerators >> Customer Life Event Prediction,"A code which identifies a state or province, for example: the state code for Florida is 'FL'.",,,,,Industry Accelerators >> Customer Life Event Prediction >> State,UK Province Code
,,,,,,,,Industry Accelerators >> Customer Life Event Prediction >> Census,Canada Province Code
,,,,,,,,,ISO 3166-2 Code
,,,,,,,,,US State Code
State Name,glossary_term,Industry Accelerators >> Customer Life Event Prediction,"Identifies the label assigned to or by which a state may be identified, for example: Florida, Texas, Kentucky.",,,,,Industry Accelerators >> Customer Life Event Prediction >> State,Canada Province Name
,,,,,,,,Industry Accelerators >> Customer Life Event Prediction >> Census,State/Province Name
,,,,,,,,,US State Name
Street,glossary_term,Industry Accelerators >> Customer Life Event Prediction,The name of the street of the address.,,,,,Industry Accelerators >> Customer Life Event Prediction >> Postal Address,US Street Name
Telephone Number,glossary_term,Industry Accelerators >> Customer Life Event Prediction,The general-purpose telephone information that is needed to contact a wired or wireless telephone device.,,Personally Identifiable Information,,,Industry Accelerators >> Customer Life Event Prediction >> Customer,US Phone Number
,,,,,,,,Industry Accelerators >> Customer Life Event Prediction >> Communication,
Transaction,glossary_term,Industry Accelerators >> Customer Life Event Prediction,Identifies an activity that represents the recording of events on customer account.,,,,Industry Accelerators >> Customer Life Event Prediction >> Customer,,
,,,,,,,Industry Accelerators >> Customer Life Event Prediction >> Customer Account,,
Transaction Currency,glossary_term,Industry Accelerators >> Customer Life Event Prediction,Identifies a currency recorded on the transaction.,,,,,Industry Accelerators >> Customer Life Event Prediction >> Transaction,Currency
Transaction Date,glossary_term,Industry Accelerators >> Customer Life Event Prediction,The date on which the transaction actually occurred.,,,,,Industry Accelerators >> Customer Life Event Prediction >> Transaction,Date
Transaction Device Identifier,glossary_term,Industry Accelerators >> Customer Life Event Prediction,"The identifier of the device used to initiate the transaction. For example, the ATM identifier, the Teller Position Identifier etc.",,,,,Industry Accelerators >> Customer Life Event Prediction >> Transaction,Identifier
Wallet Share,glossary_term,Industry Accelerators >> Customer Life Event Prediction,Indicates available wealth of customer compared to his utilization of products and services of the organization.,,,,,Industry Accelerators >> Customer Life Event Prediction >> Customer,
Work Address,glossary_term,Industry Accelerators >> Customer Life Event Prediction,The address of a person's work.,,Personally Identifiable Information,,Industry Accelerators >> Customer Life Event Prediction >> Postal Address,Industry Accelerators >> Customer Life Event Prediction >> Customer,Address  Line 3
,,,,,,,,,Address Line 2
,,,,,,,,,Address Line 1
Years At Current Address,glossary_term,Industry Accelerators >> Customer Life Event Prediction,Indicates the length of residence at current address.,,,,,Industry Accelerators >> Customer Life Event Prediction >> Customer,
Years With Current Employer,glossary_term,Industry Accelerators >> Customer Life Event Prediction,Indicates the number of years of employment with current employer.,,,,,Industry Accelerators >> Customer Life Event Prediction >> Customer,
Youngest Household Adult Birth Year,glossary_term,Industry Accelerators >> Customer Life Event Prediction,The year on which the youngest child member of household was born.,,,,,Industry Accelerators >> Customer Life Event Prediction >> Household,
Youngest Household Child Birth Year,glossary_term,Industry Accelerators >> Customer Life Event Prediction,The year on which the youngest adult member of household was born.,,,,,Industry Accelerators >> Customer Life Event Prediction >> Household,
